First_Name,Last_Name,Country_Of_Birth,Date_Of_Birth,Passport_Number
Myles,Huber,Belgium,17-06-1964,5666031
Christopher,Prince,San Marino,25-02-1985,5492707
Quinn,Mays,Mayotte,03-03-1959,5746699
Sylvia,Rutledge,Honduras,30-07-1962,5751644
Alana,Mosley,Switzerland,16-09-1955,5595773
Remedios,Livingston,French Polynesia,21-08-1961,5580956
Samuel,Rodriguez,Micronesia,13-06-1982,5677521
Jamalia,Ellison,Spain,31-03-1953,5431486
Oleg,Burns,France,18-11-1966,5858570
Kane,Mcknight,Guam,08-02-1959,5576744
Zachery,Henderson,Slovakia,23-03-1958,5446831
Baxter,Holder,Nepal,11-05-1960,5566876
Evan,Mccarty,Finland,13-01-1956,5779756
Cathleen,Hawkins,Bahrain,08-09-1966,5464512
Francesca,Pitts,Uruguay,17-03-1959,5451050
Mia,Foreman,Kiribati,20-12-1978,5541870
Harrison,Norris,Congo (Brazzaville),27-06-1961,5654066
Rhoda,English,Fiji,29-09-1985,5945794
Chancellor,Carrillo,Montenegro,19-11-1970,5611451
Imogene,Rivera,Romania,06-06-1968,5967249
Thane,Conner,Egypt,05-07-1965,5571929
Jonas,Steele,Tanzania,08-08-1983,5522194
Erasmus,Savage,Togo,23-06-1970,5941438
Ora,Levine,Australia,05-08-1971,5613395
Nina,Stanley,Bermuda,12-04-1978,5457997
Yoshio,Ferguson,Greenland,04-05-1972,5961253
Louis,Walters,Guyana,08-04-1959,5607618
Ifeoma,Crane,Iceland,02-08-1969,5933274
Harding,Saunders,Vanuatu,22-07-1957,5736406
Brandon,Jensen,Mauritania,28-10-1971,5666301
Chanda,Skinner,United Kingdom (Great Britain),21-08-1954,5808970
Avram,Lindsay,Morocco,31-03-1978,5736995
Luke,Mueller,Iran,31-08-1976,5653256
Price,Wolf,South Africa,12-04-1959,5517010
Edward,Jennings,Guadeloupe,25-04-1980,5500995
Zahir,Austin,Colombia,24-01-1977,5836847
Gregory,Ramirez,Niger,29-09-1957,5980720
Clarke,Pearson,Papua New Guinea,14-11-1961,5613898
Griffith,Vargas,Turkey,27-06-1969,5697758
Zorita,Sosa,Norfolk Island,18-05-1969,5473414
Lacota,Cruz,Dominican Republic,10-05-1977,5957243
Teagan,Schultz,Estonia,29-07-1969,5749597
Brittany,Williams,Cyprus,07-09-1978,5580385
Quon,Hayes,Algeria,30-10-1982,5996350
Amela,Buckley,Israel,10-12-1958,5495495
Martina,Tate,Denmark,01-11-1971,5890672
Baxter,Harvey,Denmark,20-06-1956,5537246
Nathan,Burton,Singapore,26-09-1970,5743061
Raphael,Mckay,Laos,19-11-1972,5712502
Petra,Woods,Bulgaria,04-08-1960,5995356
Quinn,Hopper,South Sudan,17-04-1960,5822956
Yardley,Valdez,Guadeloupe,02-03-1977,5867653
Griffin,Cohen,Albania,01-01-1985,5782069
Alexander,Roman,Botswana,25-10-1971,5853003
Eugenia,Sampson,Mozambique,22-05-1978,5508783
Kiona,Marsh,Kuwait,13-10-1984,5685466
Bert,Dixon,Sao Tome and Principe,14-11-1968,5438691
Amanda,Pearson,Cambodia,14-05-1960,5613857
Summer,Wilkinson,Morocco,15-03-1969,5909592
Tad,Lane,Saint Barth√©lemy,20-03-1968,5690207
Sigourney,Shelton,Malawi,15-03-1983,5643352
Curran,Coffey,Cameroon,22-06-1967,5452395
Quincy,Hodges,Venezuela,11-02-1953,5884705
Wylie,Dunn,Switzerland,19-10-1982,5439744
Eden,Austin,Comoros,05-01-1983,5549490
Lester,Beach,Jersey,20-12-1960,5624001
Howard,Petty,Turkey,25-11-1971,5633834
Barbara,Walters,Mozambique,05-10-1969,5898278
Bree,Schwartz,Laos,13-09-1969,5483775
Judith,Roach,Puerto Rico,07-08-1957,5994267
Barclay,Neal,Kiribati,31-05-1982,5918979
Karina,Avila,Venezuela,17-02-1977,5620650
Jordan,Kidd,China,28-12-1969,5598952
Hedwig,Dunlap,Cayman Islands,29-01-1954,5948943
Linda,Frederick,Cameroon,02-04-1977,5577456
Elton,Heath,Palau,21-06-1963,5769083
Doris,Lawrence,Saint Pierre and Miquelon,30-05-1956,5453358
Kirsten,Hays,Taiwan,17-11-1973,5826747
Caleb,Cummings,Montserrat,31-05-1966,5575667
Cameron,Andrews,Botswana,10-11-1956,5842459
Quail,Reynolds,Paraguay,26-11-1953,5525332
Lucius,Grimes,Tonga,29-12-1952,5484318
Daquan,Madden,Netherlands,18-09-1959,5921653
Giacomo,Delgado,South Georgia and The South Sandwich Islands,04-05-1957,5757078
Aiko,Wyatt,Uganda,18-04-1982,5467386
Galena,Barry,Burundi,25-05-1952,5544193
Damian,May,Djibouti,09-08-1979,5761586
Noah,May,Vanuatu,15-05-1953,5744718
Anne,Boone,Tajikistan,04-11-1953,5467976
Riley,Velazquez,Sri Lanka,30-12-1953,5813911
Dominic,Glass,Senegal,12-02-1965,5884254
Sloane,Williamson,Faroe Islands,30-07-1967,5587402
Jana,Hatfield,Svalbard and Jan Mayen Islands,04-06-1967,5511809
Robert,Roman,Brazil,20-05-1961,5878519
Hakeem,Hicks,Iraq,14-04-1958,5676893
Troy,Goff,Uzbekistan,01-11-1970,5644005
Sybill,Wilkinson,Latvia,02-07-1962,5465157
Lareina,Harrell,Cuba,15-03-1962,5483193
Rina,Wilder,Sudan,18-01-1981,5514326
Rudyard,Arnold,Saint Kitts and Nevis,29-08-1970,5707275
Christopher,Prince,San Marino,25-02-1985,5492707
Quinn,Mays,Mayotte,03-03-1959,5746699
Sylvia,Rutledge,Honduras,30-07-1962,5751644
Alana,Mosley,Switzerland,16-09-1955,5595773
Remedios,Livingston,French Polynesia,21-08-1961,5580956
Samuel,Rodriguez,Micronesia,13-06-1982,5677521
Jamalia,Ellison,Spain,31-03-1953,5431486
